iv,type,B_D,W_D,theta_D,dfcom,T_D,gamma_D,nu,nu2,nu_improved,L,U,sqrt_T_D,HR,lci,uci,model
COHORThistorical,Conditional,2.560935838179786e-6,0.004962647244261177,-0.5112315473909134,218848,0.004965720367266993,6.188675113631322e-4,419828.69919488323,10443946.128278337,214224.41023406814,-0.6493460460047145,-0.3731170487771124,0.07046786762253412,"0.60 	 (0.52, 0.69)",0.5223872823347475,0.6885846301379277,Overall
COHORTunexposed,Conditional,1.0833124852186793e-6,0.0021330974067957217,-0.20118674996309613,218848,0.002134397381777984,6.090594906837439e-4,433425.1105394015,10783023.739908557,214364.73712231693,-0.29173619220197977,-0.11063730772421249,0.0461995387615286,"0.82 	 (0.75, 0.90)",0.74696556532426,0.8952633951703537,Overall
age,Conditional,6.844466278892335e-9,9.791379439250074e-7,0.029851619488309597,218848,9.873513034596781e-7,0.008318578712451381,2468.6128741452426,57804.510865102246,45646.59071772778,0.027904049665171803,0.031799189311447394,9.936555255518273e-4,"1.03 	 (1.03, 1.03)",1.0282970142449628,1.0323101855706416,Overall
bmi,Conditional,8.188236490236289e-9,3.493739996953208e-6,0.06264125299648741,218848,3.5035658807414915e-6,0.0028045380400279515,20801.134705101293,508554.28883976856,152703.62965386704,0.05897261999209984,0.06630988600087499,0.001871781472485902,"1.06 	 (1.06, 1.07)",1.0607461971032965,1.068557796967252,Overall
hispanic,Conditional,4.271047595999871e-6,0.002383067436373392,0.428459055512079,218848,0.0023881926934885916,0.002146081900833991,35338.80256344577,868495.1699643661,174499.73967076905,0.3326771706967548,0.5242409403274033,0.0488691384565821,"1.53 	 (1.39, 1.69)",1.3946969767319517,1.6891761761130843,Overall
hospitalization,Conditional,2.9151916477999708e-5,0.0014244793298969535,0.11742977655218283,218848,0.0014594616296705531,0.02396931790628594,334.450978761008,6962.234392995002,6742.465956109836,0.042540447616851496,0.19231910548751416,0.03820290080177882,"1.12 	 (1.04, 1.21)",1.043458260920074,1.2120572293736676,Overall
ldl,Conditional,1.587778286157765e-7,1.3175278707865227e-7,-0.0023501688765310853,218848,3.222861814175841e-7,0.5911931858228167,5.182897474398802,11.444614064680653,11.443150236807524,-0.003593776745366949,-0.0011065610076952217,5.67702546601285e-4,"1.00 	 (1.00, 1.00)",0.996412673141483,0.9988940510051727,Overall
nhblack,Conditional,4.774946857343128e-6,0.0013762505258198853,0.6720053007026972,218848,0.0013819804620486971,0.004146177450524511,9618.58879481634,232682.76751987613,112534.74277428072,0.5991432648607411,0.7448673365446532,0.03717499780832135,"1.96 	 (1.82, 2.11)",1.8205583957085156,2.1061620057169126,Overall
nhother,Conditional,8.68898168491179e-6,0.00630247130642798,0.3637304467157754,218848,0.006312898084449874,0.0016516626567404456,59428.78811361453,1466281.2864791239,190150.93236448476,0.20800383348926174,0.5194570599422891,0.07945374808308212,"1.44 	 (1.23, 1.68)",1.231217889400379,1.681114657382166,Overall
siteSource1,Conditional,3.384526747753858e-5,0.004206439526335135,0.4674368550837208,218848,0.004247053847308182,0.009562939965733656,1886.0034192605299,43739.83421206433,36395.40297055979,0.3397035961859669,0.5951701139814747,0.06516942417505453,"1.60 	 (1.40, 1.81)",1.4045312204491276,1.813339393107668,Overall
siteSource2,Conditional,1.4018849036857517e-5,0.005079721268771244,1.0690256145073544,218848,0.005096543887615473,0.0033007895576270298,15075.696263831795,367133.75643972575,136829.6253195647,0.9291031625450397,1.2089480664696692,0.07139008255784184,"2.91 	 (2.53, 3.35)",2.5322371538277286,3.349958864372086,Overall
siteSource3,Conditional,1.0139409651542708e-5,0.011869620547412566,-0.28262560969827155,218848,0.011881787838994417,0.001024028685474407,153831.86703118208,3814483.551166237,206771.09367495272,-0.496268834879253,-0.06898238451729016,0.1090036138804325,"0.75 	 (0.61, 0.93)",0.608797952947174,0.9333431212230064,Overall
siteSource4,Conditional,2.155247142238111e-6,0.012251597744042738,-0.7032170862100587,218848,0.012254184040613424,2.1105416420335297e-4,3598032.6479033697,89799132.35098808,218267.9914355803,-0.9201823936723426,-0.4862517787477749,0.11069861806099218,"0.49 	 (0.40, 0.61)",0.39844636036156583,0.6149269622804664,Overall
siteSource5,Conditional,6.261625694118294e-5,0.006899199518728776,0.722068318613992,218848,0.0069743390270581955,0.010773710316906358,1499.812571749029,34461.1211978723,29728.81592643718,0.5583810611481169,0.8857555760798671,0.08351250820720328,"2.06 	 (1.75, 2.42)",1.7478405615548096,2.4248158323429694,Overall
siteSource6,Conditional,2.7928180737180912e-5,89041.47575870993,-12.668589247303549,218848,89041.47579222375,3.7638433759589545e-10,1129423703424476900,28235592500592447e3,218704.47089645336,-597.5182815526516,572.1811030580445,298.39818329243184,"0.00 	 (0.00, 312676835118197917728284602882828282288642424406884680600846846064842886648666024244866682004008846248826446080800062086606228800084880282844280002220642404226642822426664666400666006444002244226408222682088624642664066804662086842028022482206084424.00)",3.170352009720953e-260,3126768351181979e233,Overall
siteSource7,Conditional,3.1766564076690073e-6,0.006749890335683101,0.7422672768296997,218848,0.006753702323372303,5.644293317475358e-4,504498.23506048927,12555697.445163446,214977.5302117004,0.5811956332531238,0.9033389204062756,0.0821809121595295,"2.10 	 (1.79, 2.47)",1.788175154803857,2.467829255754808,Overall
smoking,Conditional,1.3820613549522147e-4,0.004272223451801539,0.6091847790685047,218848,0.004438070814395805,0.03736924657810898,151.38814247370692,2864.384451070296,2825.960759340973,0.4785590413106784,0.7398105168263309,0.06661884729110677,"1.84 	 (1.61, 2.10)",1.6137473827125781,2.095538407604997,Overall
COHORThistorical,Conditional,3.2265912328351174e-6,73.748883782297,-0.4002852491443264,218848,73.74888765420648,5.250125937569033e-8,58047126087948.62,1451177542689463.5,218704.47089645336,-17.231901778629304,16.431331280340654,8.587717255138672,"0.67 	 (0.00, 13678437.97)",3.2830700166428516e-8,13678437.97247494,Overlap
COHORTunexposed,Conditional,6.869969260460704e-7,76.13999163174344,-0.13066956032174368,218848,76.13999245613975,1.0827375793741716e-8,1364814410665975.5,34120357311177872,218704.47089645336,-17.232968985493265,16.971629864849778,8.725823311077285,"0.88 	 (0.00, 23479302.93)",3.2795681707155924e-8,23479302.93436059,Overlap
age,Conditional,4.718820548942869e-9,0.04364260125243499,0.027348677836131822,218848,0.04364260691501965,1.2974900123994787e-7,9504130402427.256,237603013430587.94,218704.47089645336,-0.3821037336744006,0.4368010893466642,0.20890813032292366,"1.03 	 (0.68, 1.55)",0.6824242591576877,1.547748182833388,Overlap
bmi,Conditional,2.021385385289227e-9,0.1604975344786327,0.061045025854967606,218848,0.16049753690429513,1.5113393695216003e-8,700480490395012.9,17512010142548030,218704.47089645336,-0.7241585648402643,0.8462486165501996,0.40062143839826536,"1.06 	 (0.48, 2.33)",0.48473226817858117,2.3308863816626273,Overlap
hispanic,Conditional,1.396198120843133e-5,115.02826289354026,0.361068796388035,218848,115.02827964791771,1.4565442082068808e-7,7541767634655.25,188543971168213.9,218704.47089645336,-20.65978750117438,21.381925093950453,10.725123759095636,"1.43 	 (0.00, 1932200013.34)",1.0655364015279026e-9,1932200013.3375325,Overlap
hospitalization,Conditional,1.0796519882952056e-5,78.1586379055581,0.2545485114372888,218848,78.15865086138196,1.6576314607221446e-7,5822970595776.976,145574071847831.3,218704.47089645336,-17.07297983986005,17.582076862734628,8.840738140075294,"1.29 	 (0.00, 43231366.35)",3.8485671265075714e-8,43231366.35289827,Overlap
ldl,Conditional,6.53378588255904e-8,0.006384306617206603,-0.0025877233111205006,218848,0.006384385022637194,1.2280811748148862e-5,1060983185.4853498,26521973882.186253,218704.47089645336,-0.15919344530797347,0.15401799868573246,0.07990234679054924,"1.00 	 (0.85, 1.17)",0.852831366784767,1.1665118822702654,Overlap
nhblack,Conditional,2.8921331483902715e-6,63.096155122105706,0.5935695393679661,218848,63.09615859266548,5.5004295910841003e-8,52884323613960.21,1322107508576200.8,218704.47089645336,-14.975030107925642,16.162169186661572,7.943309045521613,"1.81 	 (0.00, 10450592.01)",3.136368315174747e-7,10450592.012262367,Overlap
nhother,Conditional,6.157241280199189e-6,260.00728595755135,0.5030888830512852,218848,260.0072933462409,2.8417239536430296e-8,198132767258143.75,4953318055376525,218704.47089645336,-31.10082401503338,32.10700178113595,16.124741652077432,"1.65 	 (0.00, 87880739749797.83)",3.112316446012798e-14,87880739749797.83,Overlap
siteSource1,Conditional,1.4903102274580861e-5,385.8348901819168,0.508966957688371,218848,385.8349080656395,4.635071206790495e-8,74474453127828.5,1861860637807117.3,218704.47089645336,-37.989979922979145,39.00791383835589,19.642680775943987,"1.66 	 (0.00, 87281405386926256.00)",3.1707452595871657e-17,87281405386926260,Overlap
siteSource2,Conditional,4.223357690638678e-6,422.5831819736015,0.7383308096856431,218848,422.5831870416307,1.1992974127167859e-8,1112413448953918.8,27810333555619020,218704.47089645336,-39.552312165304315,41.02897378467559,20.55682823398665,"2.09 	 (0.00, 658653361816846208.00)",6.647358173467418e-18,658653361816846200,Overlap
siteSource3,Conditional,3.7212400100559327e-6,834.5898360086796,-0.9767594127271577,218848,834.5898404741677,5.3505180575048414e-09,5588925660946558,139723135542934670,218704.47089645336,-57.598685416274535,55.64516659082021,28.889268604001863,"0.38 	 (0.00, 1466860435969108879606860.00)",9.665153567538627e-26,1466860435969109e9,Overlap
siteSource4,Conditional,3.0507251325032616e-6,688.7507892938379,-1.0862855096518955,218848,688.750792954708,5.315231861002956e-9,5663378307541157,141584451668095360,218704.47089645336,-52.52370193831728,50.351130919013485,26.244062051342357,"0.34 	 (0.00, 7365772748525480706028.00)",1.5461302565753204e-23,7365772748525481e6,Overlap
siteSource5,Conditional,1.7165547213524543e-5,440.4250211203236,0.5502827898575913,218848,440.42504171898025,4.676994881088694e-8,73145288297430.98,1828631523235689,218704.47089645336,-40.58212124110025,41.68268682081543,20.98630605225656,"1.73 	 (0.00, 1266370768454138112.00)",2.3736062729538446e-18,1266370768454138e3,Overlap
siteSource6,Conditional,6.711562221626074e-6,1205045100113.3938,-18.764454880369506,218848,1205045100113.3938,6.6834632705393554e-18,35819279948311297e17,8954819987077828e19,218704.47089645336,-2151560.334856166,2151522.8059464055,1097745.462351539,"0.00 	 (0.00, Inf)",0,Inf,Overlap
siteSource7,Conditional,5.241904135080027e-6,495.06208590067683,0.3425194907203624,218848,495.0620921909618,1.2706052556473384e-8,991057225124914.25,24776428109638016,218704.47089645336,-43.26666120369602,43.951700185136744,22.24999083575006,"1.41 	 (0.00, 12245622316996438016.00)",1.6200476512942266e-19,12245622316996438e3,Overlap
smoking,Conditional,4.90029108449038e-5,190.67922282623283,0.34045704148564415,218848,190.67928162972584,3.0838952460536973e-7,1682371176557.5625,42059175649001.59,218704.47089645336,-26.72403276231763,27.40494684528892,13.808666902700123,"1.41 	 (0.00, 797658856832.12)",2.4768518875162304e-12,797658856832.1226,Overlap
COHORThistorical,Conditional,5.088283765199809e-6,0.0024911611405103082,-0.47692341153099715,218848,0.002497267081028548,0.002445049055676063,27289.68526769834,669090.4597188787,164603.92392042652,-0.5748682090629715,-0.3789786139990228,0.049972663337354235,"0.62 	 (0.56, 0.68)",0.5627790330958694,0.684560252515963,Sex
COHORThistorical:sex_categoryMale,Conditional,9.595273416503357e-6,0.007143380297699733,-0.010272197820606165,218848,0.007154894625799537,0.0016092938753122918,62578.13362224981,1544504.8430813574,191415.20642747835,-0.17605903731503172,0.15551464167381934,0.08458661020397695,"0.99 	 (0.84, 1.17)",0.8385684750444332,1.1682590412098457,Sex
COHORTunexposed,Conditional,8.041223924007216e-7,0.0015459557821104334,-0.18516992447100558,218848,0.0015469207289813144,6.237855972854584e-4,413250.9403139054,10279909.830299368,214153.28414994525,-0.2622571067946153,-0.1080827421473959,0.03933091314705666,"0.83 	 (0.77, 0.90)",0.769313202626511,0.8975533278681569,Sex
COHORTunexposed:sex_categoryMale,Conditional,4.058020341340194e-6,0.0046662822736842,-0.06603499387846642,218848,0.004671151898093809,0.0010424889868375755,148453.85450592692,3680586.5947273327,206360.5431651275,-0.19999039490272885,0.067920407145796,0.0683458257547146,"0.94 	 (0.82, 1.07)",0.8187386171042713,1.0702801184391357,Sex
age,Conditional,4.061710316892605e-9,7.603781873491e-7,0.029490808953711586,218848,7.652522397293711e-7,0.0063692102123017865,4147.6350007211095,98602.70421295785,67840.65783726251,0.027776236955244168,0.031205380952179004,8.747869681981843e-4,"1.03 	 (1.03, 1.03)",1.0281655932157796,1.0316973731176773,Sex
bmi,Conditional,4.565691933477252e-9,2.7325997226839214e-6,0.0631366764642407,218848,2.7380785530040942e-6,0.002000976310252889,40603.223899888784,999024.4041683765,179225.5559154452,0.05989349261255171,0.0663798603159297,0.0016547140396467586,"1.07 	 (1.06, 1.07)",1.0617234591313194,1.068632571183298,Sex
hispanic,Conditional,4.752051528969656e-6,0.0019525709163579678,0.4352743066301668,218848,0.0019582733781927314,0.0029119845565312875,19310.817049472153,471717.3569684841,149194.01562775025,0.3485410076828954,0.5220076055774382,0.04425238274028565,"1.55 	 (1.42, 1.69)",1.4169986495633002,1.6854078897488833,Sex
hospitalization,Conditional,1.3453015804079997e-5,0.0012192605558762745,0.16520833128342946,218848,0.0012354041748411705,0.013067479690985742,1037.5060212340816,23424.823308103478,21132.855876250655,0.09631533650131113,0.2341013260655478,0.035148316813770335,"1.18 	 (1.10, 1.26)",1.1011062282399078,1.2637725388195444,Sex
ldl,Conditional,8.506557381370468e-8,1.0668035002625425e-7,-0.0021107996215964015,218848,2.0875903860269986e-7,0.48897853362276134,5.846877884506991,16.72940148001221,16.7268993026587,-0.0030759667947624896,-0.0011456324484303139,4.5690156336206583e-4,"1.00 	 (1.00, 1.00)",0.9969287591442464,0.9988550235378928,Sex
nhblack,Conditional,1.8184082816800464e-6,0.001089930608414344,0.7117298188279566,218848,0.0010921126983523602,0.001998044653549138,40721.51503233405,1001958.2177282587,179320.1849220686,0.646958559042862,0.7765010786130512,0.03304712844336646,"2.04 	 (1.91, 2.17)",1.909723675430276,2.173852803256517,Sex
nhother,Conditional,5.429177615448572e-6,0.0048671550456008475,0.4451406927688597,218848,0.004873670058739386,0.001336777635748171,90496.90120658111,2238420.3678671834,199112.6212376906,0.30831224878465974,0.5819691367530596,0.06981167566202222,"1.56 	 (1.36, 1.79)",1.361125932507835,1.7895588496219985,Sex
sex_categoryMale,Conditional,2.713751831772376e-6,0.002903588519984918,0.35619237515437124,218848,0.002906845022183045,0.0011202875190371219,128630.68132955706,3187138.9374543885,204569.71565264903,0.2505205533087253,0.4618641970000172,0.05391516504827788,"1.43 	 (1.28, 1.59)",1.2846939943669498,1.5870297651873966,Sex
siteSource1,Conditional,2.161468132679602e-5,0.004595734368794734,0.5558301966380579,218848,0.00462167198638689,0.005612171886831074,5310.56951871519,126998.34560868671,80196.76635696746,0.4225849301800151,0.6890754630961007,0.0679828800977635,"1.74 	 (1.53, 1.99)",1.5259008091307575,1.991873121476793,Sex
siteSource2,Conditional,2.8617058868620907e-6,0.005100605013446792,0.9391471088465965,218848,0.005104039060511026,6.728097147224193e-4,355361.1248503253,8836402.382329911,213416.74697502772,0.7991222494769568,1.0791719682162362,0.07144255776853896,"2.56 	 (2.22, 2.94)",2.2235883158571754,2.942242272015759,Sex
siteSource3,Conditional,4.1056010197732205e-6,0.01089064357721064,-0.4613461945706055,218848,0.010895570298434368,4.521765349387729e-4,785368.6165484937,19563382.593290623,216328.17962820028,-0.6659308709480027,-0.2567615181932083,0.10438184851033425,"0.63 	 (0.51, 0.77)",0.5137950281655762,0.7735526700082379,Sex
siteSource4,Conditional,1.863373787650956e-6,0.010510669046239483,-0.8488216919402144,218848,0.010512905094784664,2.1269558937523617e-4,3542759.5744178714,88418475.60220784,218259.35010029518,-1.0497816210632667,-0.6478617628171621,0.10253245873763422,"0.43 	 (0.35, 0.52)",0.3500141764894902,0.5231632287149343,Sex
siteSource5,Conditional,2.6595028555477758e-5,0.005963358095439061,0.6923275543839983,218848,0.0059952721297056345,0.005323200277839644,5889.452339522454,141160.88710058978,85631.1549231622,0.540567922217068,0.8440871865509286,0.07742914263832214,"2.00 	 (1.72, 2.33)",1.7169816973956198,2.325853774685526,Sex
siteSource6,Conditional,1.3374233449445884e-5,62484.52774346152,-12.676830453657418,218848,62484.5277595106,2.568488666683133e-10,2425295584110350300,6063238947817191e4,218704.47089645336,-502.6071727663977,477.2535118590828,249.9690536036623,"0.00 	 (0.00, 1855951698138167702628486622464000082064022222482062288404882244680046666002204408860800020400246808460868440084880644848428086626644264840840060642666840220082488082068882864848284622402040064468040408600442.00)",5.253857660743818e-219,18559516981381677e191,Sex
siteSource7,Conditional,2.8520054064106648e-6,0.00650727837153619,0.6067029598747465,218848,0.006510700778023883,5.25658697024556e-4,581482.5445666026,14476123.611958439,215475.180363656,0.4485555820432868,0.7648503377062063,0.08068891360046858,"1.83 	 (1.57, 2.15)",1.566048522439059,2.148672775294009,Sex
smoking,Conditional,6.122796759315217e-5,0.0034316385981612144,0.4835238061410218,218848,0.003505112159272997,0.020961828829757594,427.75771823426436,9103.358598170578,8732.341335989027,0.3674706923535224,0.5995769199285211,0.059203987697392456,"1.62 	 (1.44, 1.82)",1.444077475397222,1.82134806129187,Sex
COHORThistorical,Conditional,1.0644808212442623e-5,0.02136836564791767,-0.3211084941438676,218848,0.0213811394177726,5.974316712192256e-4,450419.0113718372,11206848.673638389,214528.47099441921,-0.6077001624707277,-0.03451682581700749,0.14622291003044838,"0.73 	 (0.54, 0.97)",0.5446019258570003,0.966072084597628,Age
COHORThistorical:age_category40 to 64,Conditional,6.992815787027782e-6,0.0244444342914474,-0.20057584324671046,218848,0.024452825670391833,3.431660233276784e-4,1362394.5005226335,33966549.188177295,217370.86270614096,-0.5070632484642041,0.10591156197078322,0.15637399294765045,"0.82 	 (0.60, 1.11)",0.6022616771522769,1.1117235535187422,Age
COHORThistorical:age_category65 plus,Conditional,1.5951864843193073e-5,0.032929276069753856,-0.10267096944150346,218848,0.03294841830756569,5.809759252521146e-4,476233.4379717829,11850692.214301918,214755.2872420181,-0.4584377722630308,0.25309583338002384,0.18151699178745137,"0.90 	 (0.63, 1.29)",0.6322706250705254,1.2880067049562982,Age
COHORTunexposed,Conditional,1.4093295990291422e-5,0.018840437981991472,-0.29802546851539685,218848,0.018857349937179822,8.968362598503563e-4,200356.76813738872,4973174.219700476,209441.46328448766,-0.5671718385664993,-0.028879098464294373,0.13732206646122036,"0.74 	 (0.57, 0.97)",0.567127099745357,0.97153391730894,Age
COHORTunexposed:age_category40 to 64,Conditional,1.3322962600311263e-5,0.020947996691540325,0.07269633414117628,218848,0.020963984246660697,7.626200693658761e-4,276789.17601661995,6877704.794754272,211940.38279068365,-0.21108581918420605,0.3564784874665586,0.14478944798106214,"1.08 	 (0.81, 1.43)",0.8097045757133456,1.428290804034479,Age
COHORTunexposed:age_category65 plus,Conditional,2.474445071213884e-5,0.02533253535386437,0.1311485457428873,218848,0.02536222869471894,0.001170770172131975,117824.29808723771,2918211.016864687,203357.22603413038,-0.18098610140603055,0.4432831928918051,0.1592552312946703,"1.14 	 (0.83, 1.56)",0.8344469562546285,1.5578134335718943,Age
age,Conditional,8.139321319071834e-9,5.488959391093614e-6,0.02506114911653841,218848,5.4987265766765e-6,0.0017762631850644975,51434.545082477955,1267784.2787345904,186347.02737854506,0.020465153898580463,0.029657144334496354,0.0023449363694302027,"1.03 	 (1.02, 1.03)",1.0206760010440592,1.0301012973365549,Age
age_category40 to 64,Conditional,4.632020809870985e-6,0.012806979207796608,0.8320251071231466,218848,0.012812537632768453,4.338270162523731e-4,853085.8885061969,21253321.09365083,216522.48826125558,0.6101719094656768,1.0538783047806164,0.11319248046035767,"2.30 	 (1.84, 2.87)",1.840747813556585,2.8687554791854777,Age
age_category65 plus,Conditional,9.253138417676051e-7,0.024145096638791164,0.5053282605513736,218848,0.024146207015401284,4.5985550004308733e-5,75689732.04780135,1891547366.4269984,218704.47089645336,0.20076847981148993,0.8098880412912572,0.1553904984720793,"1.66 	 (1.22, 2.25)",1.2223417422704694,2.24765632788887,Age
bmi,Conditional,6.060723757044906e-9,3.973933488886015e-6,0.05860716396546068,218848,3.9812063573944685e-6,0.00182680018455855,48647.63882357775,1198610.0027948883,184771.6499585075,0.054696451605044605,0.06251787632587676,0.0019952960575800446,"1.06 	 (1.06, 1.06)",1.0562199521384659,1.0645134883377887,Age
hispanic,Conditional,1.0641900122084748e-5,0.0027807185791333747,0.3489580372255171,218848,0.002793488859279876,0.004571444809625517,7938.754614087053,191404.8902168271,101885.54529521179,0.245366492503383,0.4525495819476512,0.052853465915490123,"1.42 	 (1.28, 1.57)",1.278089637651796,1.5723158275645928,Age
hospitalization,Conditional,1.4289220893018701e-5,0.0017499720495754438,0.19968766534937968,218848,0.0017671191146470663,0.009703400823122836,1833.7802714777365,42482.69392902816,35519.94905791804,0.11729408468197372,0.28208124601678564,0.04203711591733032,"1.22 	 (1.12, 1.33)",1.1244500646104676,1.3258864386027251,Age
ldl,Conditional,6.841697554381746e-8,1.554915325139563e-7,-0.00313079001510582,218848,2.3759190316653723e-7,0.345552056102828,7.6041812350608415,33.49909145040582,33.491258042012,-0.004121920961581015,-0.002139659068630625,4.87433998779873e-4,"1.00 	 (1.00, 1.00)",0.9958865624945779,0.9978626283700972,Age
nhblack,Conditional,3.97139530928642e-6,0.0015421866306767275,0.6200487187875107,218848,0.0015469523050478712,0.00308068604028243,17276.791421701186,421468.4888230412,143756.6420154829,0.5429605374042686,0.6971369001707527,0.03933131456038396,"1.86 	 (1.72, 2.01)",1.7210946923259152,2.0079953782745887,Age
nhother,Conditional,7.73061882445462e-6,0.0067084399212005985,0.41732502634021224,218848,0.006717716663789944,0.0013809368649543294,84831.47126097907,2097550.107369632,197922.26299013,0.2566829966128654,0.577967056067559,0.08196167801960831,"1.52 	 (1.29, 1.78)",1.2926352920373827,1.7824112029837489,Age
siteSource1,Conditional,2.783717659832595e-5,0.00646389820986997,0.5233510669540041,218848,0.006497302821787961,0.005141304451128951,6304.561190994714,151325.92842001165,89275.42915434862,0.3653652432036227,0.6813368907043855,0.08060584855820303,"1.69 	 (1.44, 1.98)",1.4410402421962714,1.9765183557414792,Age
siteSource2,Conditional,1.8866953641538203e-6,0.007286677749417697,0.9334186520631269,218848,0.007288941783854682,3.106122265922767e-4,1662499.0146985115,41459389.02236367,217629.60898842878,0.7660861347690051,1.1007511693572487,0.0853752996120932,"2.54 	 (2.15, 3.01)",2.1513297401952016,3.006423509178425,Age
siteSource3,Conditional,5.908045847127678e-6,0.015789311283901347,-0.473860693806722,218848,0.0157964009389179,4.488145776982839e-4,797157.280802217,19857569.08818002,216364.34403040443,-0.7201963004886414,-0.22752508712480266,0.12568373378809963,"0.62 	 (0.49, 0.80)",0.4866567156318928,0.7965024392907448,Age
siteSource4,Conditional,6.756450706661771e-6,0.014523651882458907,-0.7769206553848048,218848,0.014531759623306901,5.579324911891914e-4,516289.11907184817,12849809.367582114,215063.18617279304,-1.0131899227504193,-0.5406513880191903,0.12054774831288596,"0.46 	 (0.36, 0.58)",0.36305900026826265,0.5823687807492418,Age
siteSource5,Conditional,2.7883847409162007e-5,0.00862453188766616,0.7151158513550688,218848,0.008657992504557155,0.003864708461387825,11046.155451705084,267809.83093535743,120175.78176081748,0.5327436431963014,0.8974880595138363,0.0930483342384868,"2.04 	 (1.70, 2.45)",1.703599972962812,2.4534324878859892,Age
siteSource6,Conditional,1.4497781287676204e-5,92906.17452914357,-12.293314639604262,218848,92906.1745465409,1.8725706477664015e-10,4562927413144869400,11407318515773365e4,218704.47089645336,-609.7004151236524,585.1137858444438,304.8051419293003,"0.00 	 (0.00, 129326783928426740264266206688062484644222826486460440628024000248220606004808202080426448046088044826624468622864480268486606886886482860280466262026462026024004008042466024424208208268040040824402860688242080806206628620688608246222680200082286028420680.00)",1.6235815134499512e-265,12932678392842674e238,Age
siteSource7,Conditional,6.320847605312293e-6,0.009247067696188395,0.6105827554565365,218848,0.009254652713314769,8.195896011810476e-4,239756.28029156371,5954799.076090006,210921.37600643703,0.422032014937499,0.799133495975574,0.09620110557220624,"1.84 	 (1.53, 2.22)",1.5250573485174244,2.2236133235807194,Age
smoking,Conditional,4.569765439394968e-5,0.004952374563111163,0.5361226853904639,218848,0.005007211748383902,0.010951640958750853,1453.45514986075,33350.44219650517,28897.867160209495,0.3974273575016074,0.67481801327932045,0.07076165450569893,"1.71 	 (1.49, 1.96)",1.4879916986061288,1.9636755805708386,Age
COHORThistorical,Conditional,1.048004258987773e-4,0.019297878327971887,-0.4648499609962851,206861,0.01942363883905042,0.006474611277558172,4016.9953320428795,95418.50164629742,65164.14589413912,-0.7380110887935423,-0.19168883319902807,0.13936871542441087,"0.63 	 (0.48, 0.83)",0.4780637970362404,0.8255637165489929,Race-Ethnicity
COHORThistorical:raceeth_categoryNH Black,Conditional,1.8032155151689275e-4,0.02852064295011879,-0.045953297691504795,206861,0.028737028811939062,0.007529862020055874,2994.4779495962675,70548.20287274903,52505.5838797871,-0.3782120835874918,0.28630548820448215,0.1695199953160071,"0.96 	 (0.69, 1.33)",0.6850851899325857,1.331499150413571,Race-Ethnicity
COHORThistorical:raceeth_categoryNH White,Conditional,1.4379827970864906e-4,0.02338513691612703,-0.05369074790780162,206861,0.02355769485177741,0.007324907497787692,3159.3615382013327,74551.38260379362,54694.27376265117,-0.3545210210063383,0.24713952519073504,0.15348516166645365,"0.95 	 (0.70, 1.28)",0.7015093710035389,1.2803577424745367,Race-Ethnicity
COHORTunexposed,Conditional,2.003664487062996e-5,0.012470988348514574,-0.08607211961505616,206861,0.01249503232235933,0.0019242826448500083,43877.543004409614,1080245.0014425458,173332.84602103132,-0.3051594530951933,0.13301521386508097,0.11178118053750967,"0.92 	 (0.74, 1.14)",0.7370058471583312,1.1422673765004518,Race-Ethnicity
COHORTunexposed:raceeth_categoryNH Black,Conditional,3.840281277603634e-5,0.01840166083828372,-0.11510678520348389,206861,0.018447744213614965,0.002498049344007749,26154.95604627554,640999.9059993627,156094.4004094499,-0.38131444354128824,0.15110087313432047,0.1358224731538009,"0.89 	 (0.68, 1.16)",0.6829631025159363,1.163113979117096,Race-Ethnicity
COHORTunexposed:raceeth_categoryNH White,Conditional,3.4663780627049455e-5,0.015170805547734962,-0.18202007751153168,206861,0.015212402084487422,0.0027343832040093575,21870.054674980405,534984.5448439041,148883.113565803,-0.42375977345562205,0.05971961843255863,0.12333856689814189,"0.83 	 (0.65, 1.06)",0.6545811107810862,1.0615388688836875,Race-Ethnicity
age,Conditional,5.3277110005548756e-9,1.1906175881392375e-6,0.027462194203571884,206861,1.1970108413399033e-6,0.005341015285633843,5851.045633891044,140220.77061359174,83390.4554544268,0.02531781848111379,0.029606569926029978,0.0010940799062865122,"1.03 	 (1.03, 1.03)",1.025641036406999,1.030049201890141,Race-Ethnicity
bmi,Conditional,3.77997414982047e-9,4.252413940785522e-6,0.06721985678192854,206861,4.2569499097653065e-6,0.0010655443629672965,142125.2115308252,3523034.6902329046,195189.9916010926,0.0631759837601281,0.07126372980372898,0.0020632377249762824,"1.07 	 (1.07, 1.07)",1.06521428315217,1.0738643985732423,Race-Ethnicity
hospitalization,Conditional,1.3191393386004913e-5,0.001838377869085157,0.17599133039917328,206861,0.0018542075411483627,0.008537163026206945,2347.7874322112343,54882.36802081686,43296.36964412977,0.09159241987927763,0.2603902409190689,0.043060510228611584,"1.19 	 (1.10, 1.30)",1.0959180566268212,1.2974363006210359,Race-Ethnicity
ldl,Conditional,6.720254656787776e-8,1.6923518454990843e-7,-0.002859753061898119,206861,2.498782404313617e-7,0.3227294050984199,8.062353811274763,38.40457085112349,38.394046140644754,-0.0038713536596270332,-0.0018481524641692048,4.998782256023578e-4,"1.00 	 (1.00, 1.00)",0.996136130369063,0.9981535543179697,Race-Ethnicity
raceeth_categoryNH Black,Conditional,2.8792428521218494e-5,0.010510398419742778,0.2689805980957344,206861,0.01054494933396824,0.0032765367695190345,15296.771931674746,372588.88874087896,132731.16599706805,0.0677139793619658,0.47024721682950293,0.10268860372002454,"1.31 	 (1.07, 1.60)",1.070059205688258,1.600389787605811,Race-Ethnicity
raceeth_categoryNH White,Conditional,1.1925411343313464e-5,0.009533081512095233,-0.3180873641469674,206861,0.009547392005707209,0.0014988903360647259,72072.96563367723,1780411.013937815,185077.71567115127,-0.5095970586829671,-0.1265776696109678,0.09771075685771352,"0.73 	 (0.60, 0.88)",0.6007375920469563,0.8811057117479285,Race-Ethnicity
siteSource1,Conditional,1.674133504896073e-5,0.006632973398171896,0.5038126837147204,206861,0.006653063000230649,0.003019601957482803,17974.172494197745,438692.88910162327,140284.89227226243,0.3439452118049001,0.6636801556245407,0.08156631044880386,"1.66 	 (1.41, 1.94)",1.4105013545672536,1.9419257893549624,Race-Ethnicity
siteSource2,Conditional,1.563079293190383e-6,0.007941618784636343,0.9241497775168871,206861,0.007943494479788172,2.3612972308359665e-4,2875005.4912850303,71739554.55291998,206215.6777355299,0.7494654680721606,1.0988340869616136,0.08912628388858233,"2.52 	 (2.12, 3.00)",2.1158687148979385,3.000665468677692,Race-Ethnicity
siteSource3,Conditional,3.2398917434174927e-6,0.01749377726680211,-0.460100396852444,206861,0.01749766513689421,2.2219365050616565e-4,3246596.612622655,81020832.7987136,206286.47230888804,-0.7193619676452663,-0.20083882605962172,0.13227874030581865,"0.63 	 (0.49, 0.82)",0.48706291874392865,0.8180442683473796,Race-Ethnicity
siteSource4,Conditional,3.5191271443824465e-6,0.015694638277037643,-0.7946999978173012,206861,0.0156988612296109,2.689973821345513e-4,2215939.840935068,55279471.757867545,206032.57700054595,-1.040273879950988,-0.5491261156836144,0.12529509659045282,"0.45 	 (0.35, 0.58)",0.3533578910629567,0.5774542181360329,Race-Ethnicity
siteSource5,Conditional,1.8771438230706806e-5,0.008528520776245265,0.7573289326919225,206861,0.008551046502122114,0.0026342653932776476,23545.364688199494,576422.5180748238,151933.7171327097,0.5760870198740766,0.9385708455097683,0.09247186870677003,"2.13 	 (1.78, 2.56)",1.7790633534357223,2.5563254225040573,Race-Ethnicity
siteSource6,Conditional,1.1329047677971827e-5,127408.45754749386,-12.76679636725487,206861,127408.45756108871,1.0670294165556353e-10,1405294019455993e4,3513235045641002e5,206731.4141860323,-712.3626390715102,686.8290463370004,356.9432133562546,"0.00 	 (0.00, 19322567585777216630466880026628022460488062260286642006642042608648682088482644066222424682282404826482804224428424080260620680284044260400804800668486866080666464068848262400624868266000866086068646286866604604024604484008664860482600860688262424004664426606002220046246662248688082066462402882040.00)",4.21538006341036e-310,19322567585777217e282,Race-Ethnicity
siteSource7,Conditional,4.680692651002022e-6,0.009860687476291789,0.6016803980133805,206861,0.0098663043074729909,5.692943381999778e-4,495931.7759629442,12342020.460114475,203335.16811947484,0.40699858288060486,0.7963622131461561,0.09932927215817597,"1.83 	 (1.50, 2.22)",1.5023019767191734,2.2174595929602092,Race-Ethnicity
smoking,Conditional,5.339075686566427e-5,0.005004733532288655,0.5428271305005952,206861,0.005068802440527452,0.012639851126675634,1105.2926823851778,25036.641672055786,22302.732210377344,0.4032797240763253,0.682374536924865,0.07119552261573373,"1.72 	 (1.50, 1.98)",1.4967255032718956,1.9785703469793823,Race-Ethnicity
COHORThistorical,Conditional,4.951018939242173e-6,0.0012720086849454658,-0.4361364482657649,218848,0.0012779499076725565,0.004649026297056474,7680.68580265847,185069.98331272835,100058.76235376242,-0.5062025324895857,-0.36607036404194415,0.035748425247450505,"0.65 	 (0.60, 0.69)",0.6027802765500792,0.6934540052663231,Hospitalization
COHORThistorical:hospitalization,Conditional,8.557118604389509e-5,0.08078019119509788,-0.06753956758916359,218848,0.08088287661835056,0.0012695570131265215,100280.22407610787,2481735.959565144,200876.80649801294,-0.6249519310143408,0.4898727958360136,0.28439915017163914,"0.93 	 (0.54, 1.63)",0.5352871586113265,1.6321085957408703,Hospitalization
COHORTunexposed,Conditional,1.9087991675776382e-6,0.0010841644337412366,-0.17053639390431113,218848,0.0010864549927423297,0.0021082870587317637,36606.206278437385,899912.9582106896,175737.78740278017,-0.23513967046146064,-0.10593311734716163,0.03296141672838608,"0.84 	 (0.79, 0.90)",0.7904604379441555,0.8994848059941537,Hospitalization
COHORTunexposed:hospitalization,Conditional,7.950910465115028e-6,0.007373758195243855,-0.1717383442027144,218848,0.0073832992878019935,0.001292253257822143,96806.13806588015,2395326.5038221097,200287.79914953822,-0.34015054339981715,-0.0033261450056116526,0.08592612692192052,"0.84 	 (0.71, 1.00)",0.7116631785034649,0.9966793804867935,Hospitalization
age,Conditional,3.2247020007922224e-9,6.216784779848053e-7,0.030778471791435294,218848,6.255481203857559e-7,0.006186002762768082,4390.667412181535,104529.71638952276,70598.91715087031,0.029228286965180397,0.03232865661769019,7.909160008406429e-4,"1.03 	 (1.03, 1.03)",1.0296596255179267,1.0328569047860057,Hospitalization
bmi,Conditional,6.0725058984900385e-9,2.2504927779197e-6,0.06536295945222223,218848,2.2577797849978884e-6,0.0032275101082078566,15758.922241670241,383994.29236104107,139112.54642503202,0.062417925879096794,0.06830799302534767,0.0015025910238644076,"1.07 	 (1.06, 1.07)",1.0644070950561426,1.0706950243008404,Hospitalization
hispanic,Conditional,9.898785756916272e-6,0.001522562397151951,0.4382968552198671,218848,0.0015344409400602505,0.00774128387621951,2837.8011039890207,66747.34635102453,51054.42334799295,0.3615198699599092,0.5150738404798251,0.03917194072368958,"1.55 	 (1.44, 1.67)",1.4355095452180564,1.6737620886303552,Hospitalization
hospitalization,Conditional,1.1018990470106135e-5,0.004599611360416008,0.2922947791403776,218848,0.004612834148980135,0.002866521565066636,19921.04917272991,486798.8735668124,150675.12122018053,0.1591779111351286,0.42541164714562657,0.06791784853026585,"1.34 	 (1.17, 1.53)",1.1725465372103048,1.530220200808523,Hospitalization
ldl,Conditional,4.388600179183446e-8,8.691606825509227e-8,-0.0026885984253205127,218848,1.3957927040529363e-7,0.3772995946839687,7.076480297759983,28.09877029540516,28.09297777825774,-0.0034537684929728816,-0.0019234283576681438,3.7360309207137675e-4,"1.00 	 (1.00, 1.00)",0.996552188904964,0.9980784202452471,Hospitalization
nhblack,Conditional,2.5031078105148473e-6,8.754097902830431e-4,0.6707304268285542,218848,8.784135196556609e-4,0.0034194935590190845,14060.35942193752,342086.8746329786,133185.30189186704,0.6126407268653695,0.7288201267917389,0.02963804176486127,"1.96 	 (1.85, 2.07)",1.8452978981400487,2.0726337194529334,Hospitalization
nhother,Conditional,2.6025322325283555e-6,0.003489415834986829,0.5321283719024866,218848,0.003492538873665863,8.942029829881324e-4,201534.30891398463,5002507.664640476,209493.72609165942,0.41629896823000223,0.647957775574971,0.05909770616247185,"1.70 	 (1.52, 1.91)",1.5163391383388796,1.9116328565823617,Hospitalization
siteSource1,Conditional,1.5925988079432853e-5,0.003921785309561172,0.6277467953323717,218848,0.003940896495256492,0.004849451316045176,7070.0447642515155,170088.43444806227,95501.99961841245,0.5047061229372491,0.7507874677274942,0.06277656007823694,"1.87 	 (1.66, 2.12)",1.6564986419677918,2.1186677423587827,Hospitalization
siteSource2,Conditional,2.3791499033836086e-6,0.004180489028946071,0.9334908516860232,218848,0.004183344008830131,6.824635693440671e-4,345405.2441451881,8588178.153893156,213265.8629622443,0.8067227631448897,1.0602589402271567,0.06467877556687457,"2.54 	 (2.24, 2.89)",2.2405531181814653,2.8871184836015775,Hospitalization
siteSource3,Conditional,1.2547451319920994e-6,0.01426017701460879,-0.7589716527480966,218848,0.014261682708767182,1.0557619245482959e-4,14366623.937256973,358862435.79473424,218689.5451735934,-0.9930350356363535,-0.5249082698598397,0.11942228732011116,"0.47 	 (0.37, 0.59)",0.370450652171545,0.5916096303121744,Hospitalization
siteSource4,Conditional,3.268803899736807e-6,0.012498480276626018,-1.0567677952864525,218848,0.012502402841305703,3.1374486404523106e-4,1629506.5484941981,40635606.01088871,217605.77424473525,-1.27591949739182,-0.837616093181085,0.11181414419162587,"0.35 	 (0.28, 0.43)",0.2791741502647491,0.4327409087730291,Hospitalization
siteSource5,Conditional,1.6175738737496875e-5,0.004827361239289473,0.7705718652852,218848,0.00484677212577447,0.004004910068243526,10297.662464979721,249387.36972137378,116311.21595942538,0.634120935417624,0.9070227951527761,0.06961876274234173,"2.16 	 (1.89, 2.48)",1.8853640560168898,2.4769371955832535,Hospitalization
siteSource6,Conditional,6.062439948260591e-6,46364.12808923175,-12.520171461308614,218848,46364.128096506676,1.5690854625304257e-10,6498704439964239e3,16246761079516555e4,218704.47089645336,-434.54610530912066,409.50576238650336,215.32331062034754,"0.00 	 (0.00, 7016053823362018074042428268442042268264866208448286880280660860440648886046828082068288060488628422446208624666888688046622884840202004004228228246442006688668222662406662248202.00)",1.9011847923549024e-189,7016053823362018e162,Hospitalization
siteSource7,Conditional,4.245881921262745e-6,0.005700979918849123,0.5878431848130811,218848,0.005706074977154638,8.929182189007915e-4,202112.60637621116,5016913.610878838,209519.1791071893,0.439790279981503,0.7358960896446591,0.07553856615765643,"1.80 	 (1.55, 2.09)",1.5523816188683244,2.0873516088694615,Hospitalization
smoking,Conditional,2.963658115961572e-5,0.00288267410843479,0.47416920684326286,218848,0.0029182380058263287,0.012186770688523257,1184.906919266002,26932.874825774725,23949.146349118313,0.3682857861506029,0.5800526275359228,0.05402071830165098,"1.61 	 (1.45, 1.79)",1.4452550138268627,1.786132428025148,Hospitalization
